{"cameraMode":{"drawMode":0,"name":"Shaded","section":"Shading Mode"},"sceneLighting":false,"audioPlay":false,"sceneViewState":{"showFog":true,"showMaterialUpdate":true,"showSkybox":false,"showFlares":true,"showImageEffects":true,"showParticleSystems":true},"in2DMode":false,"pivot":{"x":-4.640327453613281,"y":103.2020492553711,"z":-8.995612144470215},"rotation":{"x":0.28028640151023867,"y":-0.07529929280281067,"z":0.022435670718550683,"w":0.9567815065383911},"size":35.79608917236328,"orthographic":true}