{"cameraMode":{"drawMode":0,"name":"Shaded","section":"Shading Mode"},"sceneLighting":false,"audioPlay":false,"sceneViewState":{"showFog":true,"showMaterialUpdate":true,"showSkybox":false,"showFlares":true,"showImageEffects":true,"showParticleSystems":true},"in2DMode":false,"pivot":{"x":30.855073928833009,"y":-1.4882736206054688,"z":54.221229553222659},"rotation":{"x":0.28028640151023867,"y":-0.07529929280281067,"z":0.022435670718550683,"w":0.9567815065383911},"size":79.50105285644531,"orthographic":true}