{"cameraMode":{"drawMode":0,"name":"Shaded","section":"Shading Mode"},"sceneLighting":true,"audioPlay":false,"sceneViewState":{"showFog":true,"showMaterialUpdate":true,"showSkybox":false,"showFlares":true,"showImageEffects":true,"showParticleSystems":true},"in2DMode":false,"pivot":{"x":12.050000190734864,"y":0.0,"z":28.858898162841798},"rotation":{"x":0.8030186295509338,"y":0.005363118834793568,"z":-0.007227362133562565,"w":0.5958857536315918},"size":36.071468353271487,"orthographic":true}